web_scraper_order,web_scraper_start_url,data,data2,data3,data4,data5
"1789309267-1","https://www.atode.fr/morphologie-femme/","","morphologie femme","","",""
"1789309267-2","https://www.atode.fr/morphologie-femme/","","","","",""
"1789309267-3","https://www.atode.fr/morphologie-femme/","","morphologie","","",""
"1789309267-4","https://www.atode.fr/morphologie-femme/","","comment ton corps est structuré","","",""
"1789309267-5","https://www.atode.fr/morphologie-femme/","","","","",""
"1789309267-6","https://www.atode.fr/morphologie-femme/","","","","",""
"1789309267-7","https://www.atode.fr/morphologie-femme/","","structure de base","elle reste globalement stable","",""
"1789309267-8","https://www.atode.fr/morphologie-femme/","","","","",""
"1789309267-9","https://www.atode.fr/morphologie-femme/","","donner des repères clairs pour comprendre ta silhouette","","",""
"1789309267-10","https://www.atode.fr/morphologie-femme/","","morphos","","","accompagnement Palette & Silhouette"
"1789309267-11","https://www.atode.fr/morphologie-femme/","","","","",""
"1789309267-12","https://www.atode.fr/morphologie-femme/","","","","","Instagram"
"1789309267-13","https://www.atode.fr/morphologie-femme/","","pas toi","","",""
"1789309267-14","https://www.atode.fr/morphologie-femme/","","morphologie de femme","ce qui te met en valeur","",""
"1789309267-15","https://www.atode.fr/morphologie-femme/","","","","",""
"1789309267-16","https://www.atode.fr/morphologie-femme/","","","","",""
"1789309267-17","https://www.atode.fr/morphologie-femme/","","","","",""
"1789309267-18","https://www.atode.fr/morphologie-femme/","","","","",""
"1789309267-19","https://www.atode.fr/morphologie-femme/","","","","",""
"1789309267-20","https://www.atode.fr/morphologie-femme/","","bijou bien placé","ceinture au bon endroit","paire de chaussures bien choisie",""
"1789309267-21","https://www.atode.fr/morphologie-femme/","","où attirer le regard","comment équilibrer ta silhouette","",""
"1789309267-22","https://www.atode.fr/morphologie-femme/","","","","",""
"1789309267-23","https://www.atode.fr/morphologie-femme/","","","","",""
"1789309267-24","https://www.atode.fr/morphologie-femme/","","6 grands types de morphologie femme","","",""
"1789309267-25","https://www.atode.fr/morphologie-femme/","","","","",""
"1789309267-26","https://www.atode.fr/morphologie-femme/","","structure particulière du corps","","",""
"1789309267-27","https://www.atode.fr/morphologie-femme/","","","","",""
"1789309267-28","https://www.atode.fr/morphologie-femme/","","liée à ton poids.","","",""
"1789309267-29","https://www.atode.fr/morphologie-femme/","","Avoir un petit ventre","","",""
"1789309267-30","https://www.atode.fr/morphologie-femme/","","entre deux morphos","","",""
"1789309267-31","https://www.atode.fr/morphologie-femme/","","","","",""
"1789309267-32","https://www.atode.fr/morphologie-femme/","","vision d’ensemble","ne te juge pas","",""
"1789309267-33","https://www.atode.fr/morphologie-femme/","","","","",""
"1789309267-34","https://www.atode.fr/morphologie-femme/","","","","",""
"1789309267-35","https://www.atode.fr/morphologie-femme/","","X","épaules et tes hanches sont alignées","taille marquée",""
"1789309267-36","https://www.atode.fr/morphologie-femme/","","silhouette “sablier”","","",""
"1789309267-37","https://www.atode.fr/morphologie-femme/","","","","",""
"1789309267-38","https://www.atode.fr/morphologie-femme/","morphologie en X","équilibrée","","","morphologie en X"
"1789309267-39","https://www.atode.fr/morphologie-femme/","","","","",""
"1789309267-40","https://www.atode.fr/morphologie-femme/","morphologie en 8","épaules et les hanches alignées","taille bien marquée","des courbes généreuses","morphologie en 8"
"1789309267-41","https://www.atode.fr/morphologie-femme/","","","","",""
"1789309267-42","https://www.atode.fr/morphologie-femme/","","","","",""
"1789309267-43","https://www.atode.fr/morphologie-femme/","morphologie en A","hanches plus larges que tes épaules","pyramide","","morphologie en A"
"1789309267-44","https://www.atode.fr/morphologie-femme/","","","","",""
"1789309267-45","https://www.atode.fr/morphologie-femme/","","épaules légèrement tombantes","fesses, les cuisses et les hanches sont plus présentes","",""
"1789309267-46","https://www.atode.fr/morphologie-femme/","","","","",""
"1789309267-47","https://www.atode.fr/morphologie-femme/","","épaules plus larges que tes hanches","carrure marquée","bassin plutôt étroit",""
"1789309267-48","https://www.atode.fr/morphologie-femme/","morphologie en V","pyramide inversée","","","morphologie en V"
"1789309267-49","https://www.atode.fr/morphologie-femme/","","","","",""
"1789309267-50","https://www.atode.fr/morphologie-femme/","","","","",""
"1789309267-51","https://www.atode.fr/morphologie-femme/","","","","",""
"1789309267-52","https://www.atode.fr/morphologie-femme/","","","","",""
"1789309267-53","https://www.atode.fr/morphologie-femme/","morphologie en H","épaules, ta taille et tes hanches sont alignées","plutôt droite","rectangle","morphologie en H"
"1789309267-54","https://www.atode.fr/morphologie-femme/","","peu marquée","","",""
"1789309267-55","https://www.atode.fr/morphologie-femme/","","","","",""
"1789309267-56","https://www.atode.fr/morphologie-femme/","","base idéale pour créer du style","","",""
"1789309267-57","https://www.atode.fr/morphologie-femme/","","","","",""
"1789309267-58","https://www.atode.fr/morphologie-femme/","morphologie en O","formes généreuses","poitrine marquée","petit ventre","morphologie en O"
"1789309267-59","https://www.atode.fr/morphologie-femme/","","concentrés autour du centre du corps","","",""
"1789309267-60","https://www.atode.fr/morphologie-femme/","","","","",""
"1789309267-61","https://www.atode.fr/morphologie-femme/","","","","",""
"1789309267-62","https://www.atode.fr/morphologie-femme/","","","","",""
"1789309267-63","https://www.atode.fr/morphologie-femme/","","6 grandes morphologies femme","","",""
"1789309267-64","https://www.atode.fr/morphologie-femme/","","","","",""
"1789309267-65","https://www.atode.fr/morphologie-femme/","","","","",""
"1789309267-66","https://www.atode.fr/morphologie-femme/","","","","",""
"1789309267-67","https://www.atode.fr/morphologie-femme/","","","","",""
"1789309267-68","https://www.atode.fr/morphologie-femme/","","","","",""
"1789309267-69","https://www.atode.fr/morphologie-femme/","","","","",""
"1789309267-70","https://www.atode.fr/morphologie-femme/","","","","",""
"1789309267-71","https://www.atode.fr/morphologie-femme/","","","","",""
"1789309267-72","https://www.atode.fr/morphologie-femme/","","","","",""
"1789309267-73","https://www.atode.fr/morphologie-femme/","","","","",""
"1789309267-74","https://www.atode.fr/morphologie-femme/","","","","",""
"1789309267-75","https://www.atode.fr/morphologie-femme/","","","","",""
"1789309267-76","https://www.atode.fr/morphologie-femme/","","","","",""
"1789309267-77","https://www.atode.fr/morphologie-femme/","","","","",""
"1789309267-78","https://www.atode.fr/morphologie-femme/","","","","",""
"1789309267-79","https://www.atode.fr/morphologie-femme/","","","","",""
"1789309267-80","https://www.atode.fr/morphologie-femme/","","","","",""
"1789309267-81","https://www.atode.fr/morphologie-femme/","","","","","mon accompagnement Palette & Silhouette"
"1789309267-82","https://www.atode.fr/morphologie-femme/","","","","",""
"1789309267-83","https://www.atode.fr/morphologie-femme/","","","","",""
